{"sceAvg": 299.1599826264515, "trigenAvg": -916.764811493961, "SolarAvg": 47.99045360118123}